Date,Open,High,Low,Close,Adj Close,Volume,LogRet_AdjClose
2015-11-16,30.5,32.900001525878906,30.5,31.899999618530273,31.899999618530273,80700,
2015-11-17,32.189998626708984,33.439998626708984,32.189998626708984,32.974998474121094,32.974998474121094,144688,0.033143654497066445
2015-11-18,33.0,33.279998779296875,33.0,33.02000045776367,33.02000045776367,18900,0.0013638000256396745
2015-11-19,33.189998626708984,33.189998626708984,32.5,32.5,32.5,454126,-0.01587336301951447
2015-11-20,32.9900016784668,32.9900016784668,32.060001373291016,32.20000076293945,32.20000076293945,58398,-0.009273613091557636
2015-11-23,32.5,32.59000015258789,32.25,32.45000076293945,32.45000076293945,32783,0.0077339904171957585
2015-11-24,32.779998779296875,32.790000915527344,31.479999542236328,31.979999542236328,31.979999542236328,88519,-0.014589773569582961
2015-11-25,32.0099983215332,32.0099983215332,30.0,30.389999389648438,30.389999389648438,2005448,-0.0509971062470061
2015-11-27,29.110000610351562,30.989999771118164,29.079999923706055,29.209999084472656,29.209999084472656,5199716,-0.03960250178803406
2015-11-30,29.389999389648438,32.599998474121094,29.049999237060547,31.510000228881836,31.510000228881836,8567467,0.07579387797626043
2015-12-01,31.520000457763672,31.520000457763672,29.979999542236328,30.56999969482422,30.56999969482422,3789529,-0.03028583711307602
2015-12-02,30.06999969482422,31.170000076293945,30.0,30.760000228881836,30.760000228881836,3214462,0.006196026158443828
2015-12-03,30.799999237060547,30.799999237060547,27.510000228881836,29.399999618530273,29.399999618530273,8547528,-0.04522049070886009
2015-12-04,28.809999465942383,30.040000915527344,28.639999389648438,29.0,29.0,5684525,-0.01369883138300104
2015-12-07,29.0,29.209999084472656,28.469999313354492,28.6299991607666,28.6299991607666,3102567,-0.012840740189527884
2015-12-08,28.15999984741211,28.75,26.719999313354492,27.90999984741211,27.90999984741211,3959593,-0.02547004771585576
2015-12-09,27.90999984741211,28.75,26.950000762939453,28.079999923706055,28.079999923706055,2887338,0.006072534359499123
2015-12-10,27.770000457763672,28.780000686645508,27.601600646972656,28.540000915527344,28.540000915527344,4056922,0.016249067686843914
2015-12-11,28.170000076293945,29.209999084472656,27.90999984741211,28.920000076293945,28.920000076293945,2172278,0.013226755801233656
2015-12-14,28.940000534057617,29.229999542236328,28.139999389648438,28.420000076293945,28.420000076293945,1354202,-0.01744027457519657
2015-12-15,28.31999969482422,28.940000534057617,27.450000762939453,27.530000686645508,27.530000686645508,2341462,-0.031816781257236575
2015-12-16,27.760000228881836,28.059999465942383,26.799999237060547,27.440000534057617,27.440000534057617,2268447,-0.003274521775808575
2015-12-17,27.420000076293945,27.84000015258789,26.3700008392334,26.670000076293945,26.670000076293945,2308991,-0.028462481265837156
2015-12-18,26.43000030517578,27.75,26.260000228881836,27.459999084472656,27.459999084472656,2705915,0.02919102594483768
2015-12-21,27.84000015258789,28.1299991607666,26.770000457763672,27.360000610351562,27.360000610351562,1330391,-0.003648251936905343
2015-12-22,27.18000030517578,27.760000228881836,26.84000015258789,27.079999923706055,27.079999923706055,1394820,-0.010286669835800314
2015-12-23,27.1200008392334,27.43000030517578,26.899999618530273,27.010000228881836,27.010000228881836,1826230,-0.0025882689482295777
2015-12-24,26.790000915527344,28.43000030517578,26.68000030517578,28.020000457763672,28.020000457763672,723854,0.03671138096740331
2015-12-28,27.989999771118164,29.530000686645508,27.8799991607666,29.489999771118164,29.489999771118164,1138682,0.051132657819953437
2015-12-29,29.540000915527344,30.149999618530273,29.2450008392334,29.59000015258789,29.59000015258789,1607997,0.0033852565030091618
2015-12-30,29.540000915527344,30.170000076293945,29.459999084472656,29.850000381469727,29.850000381469727,1290100,0.008748381049309684
2015-12-31,29.6200008392334,30.34000015258789,29.610000610351562,30.0,30.0,945329,0.0050125290439889374
2016-01-04,29.56999969482422,29.74799919128418,28.860000610351562,29.18000030517578,29.18000030517578,1826699,-0.02771382810912716
2016-01-05,29.0,29.479999542236328,28.0049991607666,28.510000228881836,28.510000228881836,2439128,-0.023228642600322858
2016-01-06,28.059999465942383,28.360000610351562,27.8700008392334,28.059999465942383,28.059999465942383,1561491,-0.015909855311092597
2016-01-07,27.65999984741211,28.110000610351562,27.34000015258789,27.469999313354492,27.469999313354492,2598434,-0.021250580530626697
2016-01-08,27.709999084472656,28.059999465942383,27.190000534057617,27.690000534057617,27.690000534057617,2013984,0.007976881358905369
2016-01-11,27.81999969482422,28.20989990234375,27.360000610351562,28.09000015258789,28.09000015258789,2193106,0.014342290078368057
2016-01-12,28.09000015258789,29.110000610351562,27.809999465942383,29.020000457763672,29.020000457763672,1693047,0.03257161668185782
2016-01-13,29.079999923706055,29.309999465942383,28.440000534057617,28.760000228881836,28.760000228881836,1673240,-0.008999722418932012
2016-01-14,28.979999542236328,29.299999237060547,28.6200008392334,29.149999618530273,29.149999618530273,1558393,0.01346935889887618
2016-01-15,28.540000915527344,28.639999389648438,27.920000076293945,28.420000076293945,28.420000076293945,2348218,-0.025361774356590733
2016-01-19,28.559999465942383,29.149999618530273,28.479999542236328,28.81999969482422,28.81999969482422,2939621,0.013976454628877675
2016-01-20,28.479999542236328,28.6299991607666,27.110000610351562,27.920000076293945,27.920000076293945,2302160,-0.03172629935558528
2016-01-21,28.06999969482422,28.25,26.649999618530273,26.799999237060547,26.799999237060547,1601155,-0.040941421577842294
2016-01-22,27.100000381469727,27.950000762939453,26.489999771118164,27.850000381469727,27.850000381469727,1589889,0.03843112102166962
2016-01-25,27.649999618530273,27.649999618530273,26.420000076293945,26.5,26.5,1652402,-0.049688247078413586
2016-01-26,26.540000915527344,27.31999969482422,26.059999465942383,26.809999465942383,26.809999465942383,1540117,0.011630199335600985
2016-01-27,26.809999465942383,26.809999465942383,24.739999771118164,26.110000610351562,26.110000610351562,2822246,-0.026456526240579446
2016-01-28,26.079999923706055,26.479999542236328,25.600000381469727,25.889999389648438,25.889999389648438,1050368,-0.008461635898551784
2016-01-29,26.079999923706055,26.920000076293945,25.709999084472656,26.780000686645508,26.780000686645508,1717956,0.03379859571461529
2016-02-01,26.739999771118164,27.059999465942383,26.3799991607666,26.809999465942383,26.809999465942383,1275421,0.001119566424515898
2016-02-02,26.459999084472656,26.6200008392334,26.020000457763672,26.459999084472656,26.459999084472656,1026734,-0.013140808241397278
2016-02-03,26.579999923706055,26.6200008392334,25.489999771118164,26.170000076293945,26.170000076293945,911928,-0.011020404629005059
2016-02-04,26.190000534057617,26.649999618530273,25.739999771118164,25.84000015258789,25.84000015258789,1451959,-0.012690034637870039
2016-02-05,25.709999084472656,25.8799991607666,24.5,24.639999389648438,24.639999389648438,1598220,-0.047552570924947926
2016-02-08,24.239999771118164,24.280000686645508,20.979999542236328,22.889999389648438,22.889999389648438,2828619,-0.07367100659463284
2016-02-09,22.200000762939453,23.209999084472656,21.040000915527344,22.34000015258789,22.34000015258789,3112032,-0.024321306828615073
2016-02-10,22.290000915527344,23.850000381469727,22.040000915527344,22.34000015258789,22.34000015258789,2689193,0.0
2016-02-11,25.209999084472656,25.3799991607666,23.739999771118164,24.760000228881836,24.760000228881836,3755386,0.10285065658910196
2016-02-12,24.950000762939453,26.030000686645508,24.059999465942383,25.75,25.75,2727329,0.03920517004933374
2016-02-16,25.989999771118164,26.540000915527344,25.1200008392334,25.309999465942383,25.309999465942383,1762397,-0.01723507365336923
2016-02-17,25.600000381469727,26.389999389648438,24.8700008392334,25.3700008392334,25.3700008392334,1546795,0.002367853234569599
2016-02-18,25.649999618530273,25.940000534057617,24.950000762939453,25.84000015258789,25.84000015258789,923268,0.01835627812855967
2016-02-19,25.8799991607666,26.360000610351562,25.68000030517578,26.1299991607666,26.1299991607666,1007922,0.011160362595395967
2016-02-22,26.59000015258789,27.450000762939453,26.170000076293945,26.690000534057617,26.690000534057617,1210187,0.021204936011183617
2016-02-23,26.559999465942383,26.93000030517578,25.47010040283203,26.200000762939453,26.200000762939453,1396107,-0.018529543539207563
2016-02-24,26.530000686645508,26.65999984741211,24.889999389648438,25.75,25.75,1632384,-0.017324812777132083
2016-02-25,26.100000381469727,26.559999465942383,25.360000610351562,26.540000915527344,26.540000915527344,988450,0.03021843629044765
2016-02-26,26.59000015258789,27.489999771118164,26.309999465942383,26.600000381469727,26.600000381469727,963624,0.0022581667284274818
2016-02-29,26.440000534057617,27.15999984741211,25.920000076293945,25.950000762939453,25.950000762939453,1007637,-0.024739591116358997
2016-03-01,26.3700008392334,26.5,25.489999771118164,25.809999465942383,25.809999465942383,957943,-0.00540964597362676
2016-03-02,25.709999084472656,26.329999923706055,25.549999237060547,25.799999237060547,25.799999237060547,887030,-0.0003875306823600478
2016-03-03,25.770000457763672,26.260000228881836,25.59000015258789,26.1200008392334,26.1200008392334,926077,0.012326874181870819
2016-03-04,26.299999237060547,26.34000015258789,25.43000030517578,25.81999969482422,25.81999969482422,841505,-0.011551962939005515
2016-03-07,25.760000228881836,26.399999618530273,25.739999771118164,26.200000762939453,26.200000762939453,971237,0.014610066287737236
2016-03-08,25.959999084472656,26.200000762939453,25.489999771118164,25.510000228881836,25.510000228881836,1182515,-0.0266888987609175
2016-03-09,26.0,26.0,24.93000030517578,25.329999923706055,25.329999923706055,919874,-0.007081080124375344
2016-03-10,25.209999084472656,25.5,24.579999923706055,24.65999984741211,24.65999984741211,751406,-0.026806969453054125
2016-03-11,24.940000534057617,25.229999542236328,24.719999313354492,25.010000228881836,25.010000228881836,915254,0.014093262492610188
2016-03-14,24.860000610351562,25.360000610351562,24.860000610351562,25.15999984741211,25.15999984741211,769215,0.005979671726397873
2016-03-15,24.969999313354492,25.299999237060547,24.670000076293945,25.06999969482422,25.06999969482422,893737,-0.0035835257702832605
2016-03-16,24.989999771118164,25.079999923706055,24.6299991607666,24.65999984741211,24.65999984741211,809225,-0.0164894084487246
2016-03-17,24.719999313354492,25.270000457763672,24.65999984741211,24.799999237060547,24.799999237060547,1290271,0.005661130858718039
2016-03-18,24.940000534057617,25.190000534057617,24.450000762939453,24.510000228881836,24.510000228881836,3183169,-0.011762415528923011
2016-03-21,24.6200008392334,24.979999542236328,24.299999237060547,24.59000015258789,24.59000015258789,1669197,0.003258655555058069
2016-03-22,24.450000762939453,24.739999771118164,24.190000534057617,24.190000534057617,24.190000534057617,1116931,-0.01640051573382825
2016-03-23,23.65999984741211,24.260000228881836,23.65999984741211,24.170000076293945,24.170000076293945,1028851,-0.0008271488276081312
2016-03-24,24.030000686645508,24.735000610351562,23.889999389648438,24.360000610351562,24.360000610351562,1073966,0.007830270025231678
2016-03-28,24.389999389648438,26.110000610351562,24.36009979248047,25.860000610351562,25.860000610351562,1578673,0.059754929048680946
2016-03-29,25.920000076293945,26.68000030517578,25.485000610351562,26.559999465942383,26.559999465942383,1389927,0.026708907554782134
2016-03-30,26.75,27.700000762939453,26.745500564575195,27.190000534057617,27.190000534057617,1975445,0.02344297378542968
2016-03-31,27.139999389648438,27.43600082397461,26.520000457763672,26.899999618530273,26.899999618530273,1640519,-0.010723005859308951
2016-04-01,26.559999465942383,27.360000610351562,26.450000762939453,27.270000457763672,27.270000457763672,1276947,0.013660941217081083
2016-04-04,27.31999969482422,27.31999969482422,26.84000015258789,26.8799991607666,26.8799991607666,1131813,-0.014404729210375927
2016-04-05,26.690000534057617,26.860000610351562,25.975000381469727,26.389999389648438,26.389999389648438,1312193,-0.018397357046373294
2016-04-06,26.450000762939453,26.719999313354492,26.25,26.450000762939453,26.450000762939453,742461,0.002271059761805278
2016-04-07,26.299999237060547,26.34000015258789,25.700000762939453,25.75,25.75,1299367,-0.02682156003915462
2016-04-08,25.90999984741211,26.100000381469727,25.5,25.68000030517578,25.68000030517578,963311,-0.0027221364041926746
2016-04-11,25.829999923706055,26.270000457763672,25.6200008392334,26.190000534057617,26.190000534057617,1088067,0.019665188205729472
2016-04-12,26.18000030517578,26.420000076293945,25.899999618530273,26.149999618530273,26.149999618530273,1127982,-0.0015285029881025884
2016-04-13,26.229999542236328,26.510000228881836,25.969999313354492,26.489999771118164,26.489999771118164,1155023,0.012918118720488066
2016-04-14,26.469999313354492,26.979999542236328,26.15999984741211,26.940000534057617,26.940000534057617,1446063,0.01684489616251542
2016-04-15,26.90999984741211,27.209999084472656,26.729999542236328,27.18000030517578,27.18000030517578,1098364,0.008869229144768495
2016-04-18,27.149999618530273,27.280000686645508,26.889999389648438,27.149999618530273,27.149999618530273,674261,-0.0011043876214572189
2016-04-19,27.18000030517578,27.290000915527344,26.924999237060547,27.1299991607666,27.1299991607666,681407,-0.0007369365924321676
2016-04-20,27.1200008392334,27.239999771118164,26.43000030517578,26.479999542236328,26.479999542236328,920121,-0.024250381955402255
2016-04-21,26.399999618530273,26.84000015258789,26.399999618530273,26.600000381469727,26.600000381469727,605948,0.004521516346960761
2016-04-22,26.530000686645508,26.700000762939453,26.360000610351562,26.65999984741211,26.65999984741211,518687,0.0022530788984652978
2016-04-25,26.600000381469727,27.110000610351562,26.540000915527344,27.010000228881836,27.010000228881836,517986,0.01304286725140492
2016-04-26,26.950000762939453,27.25,26.440000534057617,26.489999771118164,26.489999771118164,934117,-0.019439881634823353
2016-04-27,26.530000686645508,26.799999237060547,26.43000030517578,26.579999923706055,26.579999923706055,535049,0.0033917557710802103
2016-04-28,26.510000228881836,26.940000534057617,26.290000915527344,26.59000015258789,26.59000015258789,804366,0.000376160578724941
2016-04-29,26.489999771118164,26.489999771118164,25.84000015258789,25.959999084472656,25.959999084472656,794808,-0.02397835442443081
2016-05-02,25.940000534057617,26.280000686645508,25.780000686645508,26.030000686645508,26.030000686645508,604888,0.002692888816437152
2016-05-03,25.889999389648438,25.889999389648438,25.249900817871094,25.329999923706055,25.329999923706055,731069,-0.02726028438389453
2016-05-04,25.270000457763672,25.649999618530273,25.0,25.530000686645508,25.530000686645508,635863,0.007864797147440617
2016-05-05,25.489999771118164,25.530000686645508,24.969999313354492,25.15999984741211,25.15999984741211,1113711,-0.014598832381486744
2016-05-06,25.09000015258789,25.809999465942383,24.90999984741211,25.809999465942383,25.809999465942383,624859,0.025506567271096535
2016-05-09,25.81999969482422,26.260000228881836,25.81909942626953,26.219999313354492,26.219999313354492,495827,0.015760459109065632
2016-05-10,26.31999969482422,26.31999969482422,25.809999465942383,26.139999389648438,26.139999389648438,607675,-0.0030557673009576937
2016-05-11,25.950000762939453,26.09000015258789,25.18000030517578,25.18000030517578,25.18000030517578,745347,-0.037416644110772695
2016-05-12,25.040000915527344,25.059999465942383,23.774999618530273,24.229999542236328,24.229999542236328,1740942,-0.038458524799969585
2016-05-13,24.239999771118164,24.489999771118164,24.079999923706055,24.270000457763672,24.270000457763672,602684,0.0016495226638061375
2016-05-16,24.3700008392334,24.729999542236328,24.270000457763672,24.43000030517578,24.43000030517578,502222,0.0065708591616878195
2016-05-17,24.420000076293945,24.510000228881836,24.06999969482422,24.139999389648438,24.139999389648438,732706,-0.011941707375935327
2016-05-18,24.18000030517578,24.565000534057617,23.850000381469727,24.420000076293945,24.420000076293945,654719,0.011532281421239876
2016-05-19,24.299999237060547,24.719999313354492,24.239999771118164,24.579999923706055,24.579999923706055,724702,0.0065306292271865435
2016-05-20,24.649999618530273,25.239999771118164,24.530000686645508,25.010000228881836,25.010000228881836,649367,0.017342653007155096
2016-05-23,25.059999465942383,25.290000915527344,24.850000381469727,24.8700008392334,24.8700008392334,785086,-0.005613462481018748
2016-05-24,24.899999618530273,25.53499984741211,24.889999389648438,25.440000534057617,25.440000534057617,1016804,0.022660467904630274
2016-05-25,25.350000381469727,25.774999618530273,24.979999542236328,25.639999389648438,25.639999389648438,1806838,0.007830848783053939
2016-05-26,25.899999618530273,25.899999618530273,24.059999465942383,24.170000076293945,24.170000076293945,3353833,-0.05904141037585881
2016-05-27,24.020000457763672,25.1299991607666,23.68000030517578,24.8799991607666,24.8799991607666,3101872,0.02895203626778516
2016-05-31,24.90999984741211,24.969999313354492,24.415000915527344,24.770000457763672,24.770000457763672,2118539,-0.004430972157896084
2016-06-01,24.770000457763672,25.1299991607666,24.459999084472656,25.1299991607666,25.1299991607666,1425589,0.014429056177985625
2016-06-02,25.15999984741211,25.674999237060547,25.079999923706055,25.670000076293945,25.670000076293945,915906,0.021260679695332577
2016-06-03,25.559999465942383,25.61989974975586,24.989999771118164,25.31999969482422,25.31999969482422,1150576,-0.01372841263193502
2016-06-06,25.260000228881836,25.260000228881836,24.854999542236328,24.93000030517578,24.93000030517578,1223476,-0.015522675446445994
2016-06-07,24.90999984741211,25.040000915527344,24.75,24.780000686645508,24.780000686645508,2511422,-0.006035005866112022
2016-06-08,24.719999313354492,24.860000610351562,24.190000534057617,24.510000228881836,24.510000228881836,2621341,-0.010955697032336006
2016-06-09,24.5,24.559999465942383,23.709999084472656,23.799999237060547,23.799999237060547,3352023,-0.029395658257176393
2016-06-10,23.520000457763672,24.329999923706055,23.350000381469727,24.260000228881836,24.260000228881836,1251038,0.019143364329290764
2016-06-13,24.110000610351562,24.549999237060547,23.790000915527344,23.850000381469727,23.850000381469727,1375826,-0.017044679621551775
2016-06-14,23.760000228881836,23.9950008392334,23.520000457763672,23.610000610351562,23.610000610351562,1361156,-0.010113856380066275
2016-06-15,23.540000915527344,23.68000030517578,23.15999984741211,23.170000076293945,23.170000076293945,1085044,-0.018812035211746694
2016-06-16,23.06999969482422,23.200000762939453,22.860000610351562,23.040000915527344,23.040000915527344,917980,-0.005626466172955332
2016-06-17,23.049999237060547,23.190000534057617,22.610000610351562,22.670000076293945,22.670000076293945,1631426,-0.016189407679267524
2016-06-20,22.760000228881836,23.049999237060547,22.760000228881836,22.889999389648438,22.889999389648438,1568316,0.009657639415072387
2016-06-21,22.969999313354492,23.799999237060547,22.969999313354492,23.700000762939453,23.700000762939453,1375820,0.03477497303269874
2016-06-22,23.700000762939453,24.700000762939453,23.684999465942383,24.3700008392334,24.3700008392334,2482139,0.027877821741643407
2016-06-23,24.639999389648438,24.759899139404297,24.34000015258789,24.610000610351562,24.610000610351562,1805588,0.00979998712965515
2016-06-24,23.75,24.25,23.399999618530273,23.43000030517578,23.43000030517578,5584087,-0.049135623659216074
2016-06-27,23.190000534057617,23.27989959716797,22.069900512695312,22.149999618530273,22.149999618530273,1946273,-0.05617978627567054
2016-06-28,22.350000381469727,22.559999465942383,21.950000762939453,22.350000381469727,22.350000381469727,1550065,0.008988858858539452
2016-06-29,22.440000534057617,22.68000030517578,22.34000015258789,22.670000076293945,22.670000076293945,1227877,0.014216129757277582
2016-06-30,22.700000762939453,23.440000534057617,22.56999969482422,23.43000030517578,23.43000030517578,1164692,0.032974797659853526
2016-07-01,23.260000228881836,23.649999618530273,23.260000228881836,23.489999771118164,23.489999771118164,694203,0.0025575233823168487
2016-07-05,23.3700008392334,23.43000030517578,23.079999923706055,23.18000030517578,23.18000030517578,1038695,-0.013284937849938925
2016-07-06,23.100000381469727,23.81999969482422,22.969999313354492,23.6200008392334,23.6200008392334,1150596,0.018803995222758618
2016-07-07,23.6200008392334,23.84000015258789,23.170000076293945,23.770000457763672,23.770000457763672,1182017,0.006330454330302779
2016-07-08,23.93000030517578,24.06999969482422,23.68000030517578,24.010000228881836,24.010000228881836,930172,0.010046119135788132
2016-07-11,23.969999313354492,24.420000076293945,23.540000915527344,24.389999389648438,24.389999389648438,1220311,0.01570276743723131
2016-07-12,24.5,25.309999465942383,24.459999084472656,25.200000762939453,25.200000762939453,1848122,0.03267083758958793
2016-07-13,25.299999237060547,25.389999389648438,24.979999542236328,25.079999923706055,25.079999923706055,883452,-0.0047733120700556835
2016-07-14,25.200000762939453,25.350000381469727,24.770000457763672,24.889999389648438,24.889999389648438,749573,-0.00760462086515543
2016-07-15,24.889999389648438,24.889999389648438,24.399999618530273,24.510000228881836,24.510000228881836,810293,-0.015384884979215876
2016-07-18,24.59000015258789,25.1299991607666,24.3799991607666,25.100000381469727,25.100000381469727,872579,0.02378665445740971
2016-07-19,25.0,25.15999984741211,24.709999084472656,24.93000030517578,24.93000030517578,817549,-0.006795951558961788
2016-07-20,25.010000228881836,25.309999465942383,25.0,25.15999984741211,25.15999984741211,889617,0.009183515990764933
2016-07-21,25.030000686645508,25.31999969482422,24.979999542236328,25.1299991607666,25.1299991607666,1360070,-0.0011931076077163576
2016-07-22,25.209999084472656,25.610000610351562,25.079999923706055,25.559999465942383,25.559999465942383,931787,0.016966290455238918
2016-07-25,25.59000015258789,26.149999618530273,25.59000015258789,25.90999984741211,25.90999984741211,1171900,0.013600380069807266
2016-07-26,25.959999084472656,26.665000915527344,25.854999542236328,26.600000381469727,26.600000381469727,1477651,0.02628224144375252
2016-07-27,26.639999389648438,26.959999084472656,26.420000076293945,26.860000610351562,26.860000610351562,1195577,0.00972698368990943
2016-07-28,26.920000076293945,27.09000015258789,26.625,27.010000228881836,27.010000228881836,1056753,0.005568962459960785
2016-07-29,27.049999237060547,27.229999542236328,26.770000457763672,26.920000076293945,26.920000076293945,1286011,-0.00333766866786462
2016-08-01,26.93000030517578,27.030000686645508,26.5,26.56999969482422,26.56999969482422,1535685,-0.013086759324631584
2016-08-02,26.459999084472656,26.66200065612793,25.649999618530273,25.850000381469727,25.850000381469727,1325739,-0.027472132574507084
2016-08-03,25.850000381469727,26.299999237060547,25.780000686645508,26.100000381469727,26.100000381469727,1166534,0.009624713232858444
2016-08-04,26.059999465942383,26.20989990234375,25.81999969482422,25.850000381469727,25.850000381469727,1565137,-0.009624713232858496
2016-08-05,25.889999389648438,26.479999542236328,25.8799991607666,26.239999771118164,26.239999771118164,1817363,0.014974339641769798
2016-08-08,26.299999237060547,26.489999771118164,25.700000762939453,25.84000015258789,25.84000015258789,1797062,-0.015361270533752153
2016-08-09,25.889999389648438,26.190000534057617,25.739999771118164,25.81999969482422,25.81999969482422,1903379,-0.0007743112203652101
2016-08-10,25.799999237060547,26.450000762939453,25.799999237060547,26.280000686645508,26.280000686645508,3330135,0.01765884614533288
2016-08-11,27.0,27.489999771118164,26.350000381469727,26.5,26.5,2239735,0.008336513247703608
2016-08-12,26.260000228881836,26.277999877929688,25.670000076293945,25.940000534057617,25.940000534057617,1781541,-0.021358533515690177
2016-08-15,26.079999923706055,26.375,25.709999084472656,26.139999389648438,26.139999389648438,1290043,0.007680485370256394
2016-08-16,26.1299991607666,26.1299991607666,25.364999771118164,25.3799991607666,25.3799991607666,1372737,-0.02950525562722341
2016-08-17,25.229999542236328,25.479999542236328,25.0,25.170000076293945,25.170000076293945,2079819,-0.008308617041148741
2016-08-18,25.149999618530273,25.2549991607666,24.959999084472656,25.209999084472656,25.209999084472656,1174960,0.0015878927054183499
2016-08-19,25.1200008392334,25.559999465942383,25.010000228881836,25.5,25.5,667511,0.011437747280591784
2016-08-22,25.530000686645508,25.65999984741211,25.200000762939453,25.420000076293945,25.420000076293945,804966,-0.003142183401737065
2016-08-23,25.5,26.139999389648438,25.5,26.059999465942383,26.059999465942383,1455340,0.02486528244067029
2016-08-24,26.09000015258789,26.100000381469727,25.645000457763672,25.760000228881836,25.760000228881836,775165,-0.011578641081996417
2016-08-25,25.59000015258789,25.969999313354492,25.56999969482422,25.799999237060547,25.799999237060547,847870,0.0015515522349573074
2016-08-26,25.90999984741211,26.045000076293945,25.559999465942383,25.770000457763672,25.770000457763672,704341,-0.001163419928567976
2016-08-29,25.489999771118164,25.969999313354492,25.434999465942383,25.450000762939453,25.450000762939453,778272,-0.012495269453200767
2016-08-30,25.520000457763672,25.670000076293945,25.309999465942383,25.540000915527344,25.540000915527344,449356,0.0035301134766895503
2016-08-31,25.469999313354492,25.65999984741211,25.290000915527344,25.389999389648438,25.389999389648438,769208,-0.005890514773661839
2016-09-01,25.579999923706055,26.530000686645508,25.559999465942383,26.09000015258789,26.09000015258789,997940,0.02719673331962374
2016-09-02,26.190000534057617,26.479999542236328,26.190000534057617,26.399999618530273,26.399999618530273,797392,0.011811890705502405
2016-09-06,26.5,26.559999465942383,25.954999923706055,26.1200008392334,26.1200008392334,850538,-0.010662659164514006
2016-09-07,26.040000915527344,26.670000076293945,25.989999771118164,26.6200008392334,26.6200008392334,978908,0.01896150795524336
2016-09-08,26.510000228881836,26.799999237060547,26.40999984741211,26.770000457763672,26.770000457763672,1080249,0.005619030138747872
2016-09-09,26.56999969482422,26.700000762939453,26.110000610351562,26.200000762939453,26.200000762939453,1185305,-0.02152243474525944
2016-09-12,26.15999984741211,26.799999237060547,26.030000686645508,26.780000686645508,26.780000686645508,1416184,0.02189592601638439
2016-09-13,26.559999465942383,26.8700008392334,26.0049991607666,26.31999969482422,26.31999969482422,1391931,-0.017326271040969808
2016-09-14,26.280000686645508,26.559999465942383,26.030000686645508,26.350000381469727,26.350000381469727,1700202,0.0011391946021088726
2016-09-15,26.329999923706055,26.3700008392334,25.850000381469727,25.90999984741211,25.90999984741211,980672,-0.016839300779532603
2016-09-16,25.809999465942383,26.1299991607666,25.59000015258789,25.690000534057617,25.690000534057617,5224098,-0.008527156774535076
2016-09-19,25.739999771118164,26.522499084472656,25.69499969482422,26.200000762939453,26.200000762939453,912439,0.01965760797654425
2016-09-20,26.34000015258789,26.459999084472656,25.90999984741211,25.950000762939453,25.950000762939453,516764,-0.009587800874615669
2016-09-21,26.1299991607666,26.959999084472656,26.079999923706055,26.93000030517578,26.93000030517578,1034847,0.03706927914343248
2016-09-22,27.0,27.209999084472656,26.729900360107422,27.1299991607666,27.1299991607666,1613734,0.007399177581367856
2016-09-23,27.209999084472656,27.280000686645508,27.09000015258789,27.1200008392334,27.1200008392334,1039563,-0.0003686017196832012
2016-09-26,26.989999771118164,27.09000015258789,26.719999313354492,26.75,26.75,694581,-0.013737020675363067
2016-09-27,26.649999618530273,26.950000762939453,26.479999542236328,26.8700008392334,26.8700008392334,602007,0.004475980518483906
2016-09-28,26.920000076293945,27.110000610351562,26.670000076293945,27.09000015258789,27.09000015258789,491486,0.008154207869132315
2016-09-29,27.059999465942383,27.315000534057617,26.8799991607666,27.059999465942383,27.059999465942383,1351410,-0.001108058723043683
2016-09-30,27.239999771118164,27.299999237060547,26.610000610351562,26.899999618530273,26.899999618530273,913013,-0.005930330579825367
2016-10-03,26.760000228881836,27.05500030517578,26.700000762939453,26.989999771118164,26.989999771118164,606424,0.0033401461229047324
2016-10-04,26.950000762939453,27.18000030517578,26.834999084472656,26.93000030517578,26.93000030517578,908664,-0.0022255003939734195
2016-10-05,27.110000610351562,27.209999084472656,26.59000015258789,26.610000610351562,26.610000610351562,1092162,-0.01195381022917181
2016-10-06,26.479999542236328,26.889999389648438,26.420000076293945,26.6200008392334,26.6200008392334,886486,0.0003757365668665851
2016-10-07,26.719999313354492,26.770000457763672,26.100000381469727,26.229999542236328,26.229999542236328,637361,-0.014759068066519391
2016-10-10,26.309999465942383,26.530000686645508,26.270000457763672,26.40999984741211,26.40999984741211,447140,0.006838944104515556
2016-10-11,26.309999465942383,26.360000610351562,25.895000457763672,26.049999237060547,26.049999237060547,626893,-0.013724981619512473
2016-10-12,26.1200008392334,26.190000534057617,25.93000030517578,25.940000534057617,25.940000534057617,688181,-0.004231539435386062
2016-10-13,25.709999084472656,26.06999969482422,25.68000030517578,25.93000030517578,25.93000030517578,424457,-0.0003855881566970376
2016-10-14,26.010000228881836,26.360000610351562,25.770000457763672,26.190000534057617,26.190000534057617,709624,0.009977067591492663
2016-10-17,26.299999237060547,26.360000610351562,25.860000610351562,25.889999389648438,25.889999389648438,621523,-0.011520908722635602
2016-10-18,26.1200008392334,26.31999969482422,25.959999084472656,26.1299991607666,26.1299991607666,348884,0.009227277226254655
2016-10-19,26.229999542236328,26.424999237060547,25.93000030517578,26.329999923706055,26.329999923706055,841510,0.007624923195711788
2016-10-20,26.309999465942383,26.360000610351562,25.8700008392334,26.200000762939453,26.200000762939453,657145,-0.004949530723735644
2016-10-21,26.079999923706055,26.290000915527344,26.06999969482422,26.209999084472656,26.209999084472656,621137,0.0003815425179775887
2016-10-24,26.329999923706055,26.510000228881836,26.059999465942383,26.1200008392334,26.1200008392334,485089,-0.003439645866709358
2016-10-25,26.020000457763672,26.15999984741211,25.549999237060547,25.559999465942383,25.559999465942383,864211,-0.02167272792308464
2016-10-26,25.31999969482422,25.719999313354492,25.209999084472656,25.299999237060547,25.299999237060547,963209,-0.010224243037296339
2016-10-27,25.399999618530273,25.475000381469727,24.475000381469727,24.610000610351562,24.610000610351562,1429478,-0.027651476373842913
2016-10-28,24.6200008392334,25.100000381469727,24.510000228881836,24.950000762939453,24.950000762939453,1178265,0.013720963572341106
2016-10-31,24.979999542236328,25.209999084472656,24.850000381469727,25.09000015258789,25.09000015258789,1300029,0.0055955136836898555
2016-11-01,25.170000076293945,25.450000762939453,25.079999923706055,25.329999923706055,25.329999923706055,1370693,0.009520094541631718
2016-11-02,25.31999969482422,25.649999618530273,25.31999969482422,25.559999465942383,25.559999465942383,1246267,0.009039147613476524
2016-11-03,25.559999465942383,25.889999389648438,25.440000534057617,25.809999465942383,25.809999465942383,1017609,0.009733384423573873
2016-11-04,25.850000381469727,26.100000381469727,25.739999771118164,25.770000457763672,25.770000457763672,1179538,-0.0015509506109280282
2016-11-07,26.190000534057617,26.399999618530273,26.0,26.34000015258789,26.34000015258789,1575600,0.021877659680438467
2016-11-08,26.350000381469727,26.780000686645508,26.18000030517578,26.450000762939453,26.450000762939453,1614852,0.004167485040754489
2016-11-09,25.959999084472656,27.860000610351562,25.72100067138672,27.389999389648438,27.389999389648438,2763100,0.03492177384234947
2016-11-10,28.739999771118164,30.229999542236328,27.90999984741211,29.950000762939453,29.950000762939453,5020282,0.08935138904398
2016-11-11,29.979999542236328,30.485000610351562,29.700000762939453,30.420000076293945,30.420000076293945,3195226,0.015570939303936583
2016-11-14,30.440000534057617,32.02000045776367,30.391000747680664,31.950000762939453,31.950000762939453,4562539,0.04907191536354654
2016-11-15,31.969999313354492,32.4900016784668,31.299999237060547,31.420000076293945,31.420000076293945,2425167,-0.01672756944704067
2016-11-16,31.239999771118164,31.5,31.1200008392334,31.440000534057617,31.440000534057617,1132062,0.0006363492918992032
2016-11-17,31.459999084472656,32.19499969482422,31.40999984741211,32.08000183105469,32.08000183105469,1434932,0.0201518555285055
2016-11-18,32.16999816894531,32.470001220703125,31.639999389648438,31.670000076293945,31.670000076293945,1873724,-0.012862977116499308
2016-11-21,31.09000015258789,31.459999084472656,30.770000457763672,31.309999465942383,31.309999465942383,2606740,-0.011432344678357326
2016-11-22,31.420000076293945,32.02000045776367,31.350000381469727,31.75,31.75,2030071,0.013955207057480656
2016-11-23,31.690000534057617,32.0099983215332,31.600000381469727,31.729999542236328,31.729999542236328,2363920,-0.000630134170437763
2016-11-25,31.799999237060547,32.0099983215332,31.65999984741211,31.93000030517578,31.93000030517578,400260,0.006283425116078175
2016-11-28,31.90999984741211,32.05500030517578,31.610000610351562,31.829999923706055,31.829999923706055,1873493,-0.003136777387259126
2016-11-29,31.940000534057617,32.82500076293945,31.65999984741211,32.45000076293945,32.45000076293945,1568855,0.019291227764247926
2016-11-30,32.290000915527344,32.47999954223633,31.889999389648438,32.0099983215332,32.0099983215332,1404245,-0.013652165115260918
2016-12-01,32.040000915527344,32.130001068115234,31.719999313354492,31.850000381469727,31.850000381469727,1824301,-0.0050109075508252676
2016-12-02,31.860000610351562,32.13999938964844,31.639999389648438,31.829999923706055,31.829999923706055,900380,-0.0006281550981616957
2016-12-05,32.08000183105469,32.380001068115234,31.950000762939453,32.060001373291016,32.060001373291016,1129302,0.0071999511193526
2016-12-06,32.18000030517578,32.380001068115234,31.700000762939453,32.20000076293945,32.20000076293945,1205124,0.00435728622769955
2016-12-07,32.20000076293945,32.290000915527344,32.0,32.029998779296875,32.029998779296875,1875911,-0.005293550734311463
2016-12-08,32.130001068115234,32.779998779296875,32.040000915527344,32.61000061035156,32.61000061035156,1885812,0.017946083008104238
2016-12-09,32.470001220703125,32.84000015258789,32.2400016784668,32.70000076293945,32.70000076293945,1490696,0.002756092716762274
2016-12-12,32.68000030517578,32.779998779296875,31.479999542236328,31.649999618530273,31.649999618530273,1928192,-0.03263696469726
2016-12-13,31.899999618530273,31.979999542236328,31.510000228881836,31.65999984741211,31.65999984741211,931102,0.00031591309585725754
2016-12-14,31.639999389648438,32.040000915527344,31.360000610351562,31.420000076293945,31.420000076293945,1507141,-0.007609414377614519
2016-12-15,31.440000534057617,31.829999923706055,31.290000915527344,31.489999771118164,31.489999771118164,1205753,0.0022253925888638952
2016-12-16,31.530000686645508,31.920000076293945,31.450000762939453,31.68000030517578,31.68000030517578,2125793,0.006015548734763235
2016-12-19,31.639999389648438,32.52000045776367,31.600000381469727,32.33000183105469,32.33000183105469,1223508,0.020310071794437362
2016-12-20,32.31999969482422,32.38999938964844,32.09000015258789,32.27000045776367,32.27000045776367,652420,-0.001857628124440686
2016-12-21,32.130001068115234,32.15999984741211,31.899999618530273,32.0,32.0,587588,-0.008402117449568982
2016-12-22,31.969999313354492,32.09000015258789,31.600000381469727,31.8700008392334,31.8700008392334,1131138,-0.004070748037460249
2016-12-23,31.93000030517578,31.93000030517578,31.520000457763672,31.889999389648438,31.889999389648438,371371,0.0006273071204222164
2016-12-27,31.940000534057617,32.11000061035156,31.920000076293945,32.02000045776367,32.02000045776367,892466,0.00406825998205959
2016-12-28,31.979999542236328,32.220001220703125,31.56999969482422,31.690000534057617,31.690000534057617,816807,-0.01035953130935916
2016-12-29,31.549999237060547,31.979999542236328,31.549999237060547,31.940000534057617,31.940000534057617,501610,0.007857968952129072
2016-12-30,32.0,32.040000915527344,31.739999771118164,31.84000015258789,31.84000015258789,884411,-0.0031357937390024643
2017-01-03,32.02000045776367,32.5,31.8700008392334,32.040000915527344,32.040000915527344,1012498,0.006261785006153892
2017-01-04,32.20000076293945,32.560001373291016,32.06999969482422,32.400001525878906,32.400001525878906,778087,0.01117331911864117
2017-01-05,32.20000076293945,32.439998626708984,31.979999542236328,32.09000015258789,32.09000015258789,1472283,-0.009614010016546898
2017-01-06,32.09000015258789,32.33000183105469,31.84000015258789,32.15999984741211,32.15999984741211,907386,0.0021789796893535236
2017-01-09,32.18000030517578,32.20000076293945,31.829999923706055,32.0,32.0,568618,-0.004987536766390735
2017-01-10,31.969999313354492,32.040000915527344,31.860000610351562,31.950000762939453,31.950000762939453,563793,-0.0015636980970139096
2017-01-11,31.899999618530273,32.650001525878906,31.790000915527344,32.59000015258789,32.59000015258789,1006548,0.019833292828803875
2017-01-12,32.619998931884766,33.540000915527344,32.38999938964844,32.970001220703125,32.970001220703125,1231027,0.011592596576785002
2017-01-13,33.0,33.29999923706055,32.88999938964844,33.04999923706055,33.04999923706055,665095,0.0024234491049923645
2017-01-17,32.83000183105469,32.900001525878906,32.5807991027832,32.709999084472656,32.709999084472656,614752,-0.01034072965222059
2017-01-18,32.70000076293945,33.0,32.599998474121094,32.79999923706055,32.79999923706055,886851,0.002747678568675193
2017-01-19,32.79999923706055,32.83000183105469,32.31999969482422,32.439998626708984,32.439998626708984,764138,-0.011036305215799175
2017-01-20,32.560001373291016,32.66999816894531,32.220001220703125,32.540000915527344,32.540000915527344,779001,0.0030779430123857596
2017-01-23,32.52000045776367,32.599998474121094,31.889999389648438,32.08000183105469,32.08000183105469,1259315,-0.014237289850258485
2017-01-24,32.25,32.29499816894531,31.670000076293945,32.220001220703125,32.220001220703125,664144,0.004354575559253778
2017-01-25,32.4900016784668,32.61000061035156,32.09000015258789,32.119998931884766,32.119998931884766,671328,-0.003108559810669168
2017-01-26,32.290000915527344,32.380001068115234,31.790000915527344,31.889999389648438,31.889999389648438,558723,-0.007186393941972982
2017-01-27,32.0,32.13999938964844,31.520000457763672,31.65999984741211,31.65999984741211,716701,-0.007238412249402042
2017-01-30,31.530000686645508,31.530000686645508,30.979999542236328,31.06999969482422,31.06999969482422,824375,-0.018811336050531393
2017-01-31,31.100000381469727,31.170000076293945,30.709999084472656,31.020000457763672,31.020000457763672,518417,-0.0016105410773130813
2017-02-01,31.020000457763672,31.59000015258789,30.90999984741211,31.549999237060547,31.549999237060547,804406,0.016941392299863713
2017-02-02,31.459999084472656,32.08000183105469,31.280000686645508,31.809999465942383,31.809999465942383,1291445,0.008207124166761623
2017-02-03,31.889999389648438,32.429901123046875,31.764999389648438,32.36000061035156,32.36000061035156,989844,0.017142422079519992
2017-02-06,32.11000061035156,32.4900016784668,31.989999771118164,32.29999923706055,32.29999923706055,1300735,-0.0018559044433934056
2017-02-07,32.220001220703125,32.59000015258789,31.90999984741211,32.54999923706055,32.54999923706055,1629271,0.007710138607383756
2017-02-08,30.649999618530273,31.209999084472656,29.100000381469727,30.299999237060547,30.299999237060547,6596547,-0.07162965787977467
2017-02-09,30.3700008392334,31.219999313354492,30.299999237060547,30.559999465942383,30.559999465942383,2115566,0.008544259486809053
2017-02-10,30.600000381469727,31.2549991607666,30.579999923706055,31.020000457763672,31.020000457763672,2159078,0.014940225682829862
2017-02-13,31.229999542236328,31.299999237060547,30.639999389648438,30.649999618530273,30.649999618530273,895956,-0.011999522569216086
2017-02-14,30.56999969482422,30.780000686645508,29.979999542236328,29.989999771118164,29.989999771118164,2737047,-0.021768664807246787
2017-02-15,30.030000686645508,30.450000762939453,29.8700008392334,30.350000381469727,30.350000381469727,2620200,0.01193254494554702
2017-02-16,30.549999237060547,30.8799991607666,30.100000381469727,30.3799991607666,30.3799991607666,1217155,0.0009879394685644372
2017-02-17,30.3799991607666,30.530000686645508,29.93000030517578,30.020000457763672,30.020000457763672,1035817,-0.011920628089151529
2017-02-21,30.1299991607666,30.7450008392334,30.040000915527344,30.6299991607666,30.6299991607666,1473866,0.02011605199167813
2017-02-22,30.540000915527344,30.950000762939453,30.3799991607666,30.850000381469727,30.850000381469727,1278296,0.0071568692710866485
2017-02-23,30.969999313354492,30.969999313354492,30.040000915527344,30.049999237060547,30.049999237060547,1601758,-0.026274127124487734
2017-02-24,29.920000076293945,30.329999923706055,29.59000015258789,30.329999923706055,30.329999923706055,1100120,0.009274683592812045
2017-02-27,30.229999542236328,30.68000030517578,30.100000381469727,30.6200008392334,30.6200008392334,1164740,0.009516098452523361
2017-02-28,30.469999313354492,30.469999313354492,29.735000610351562,29.81999969482422,29.81999969482422,1095225,-0.02647411853488897
2017-03-01,30.139999389648438,30.5,30.0,30.350000381469727,30.350000381469727,936483,0.017617230971863507
2017-03-02,30.260000228881836,30.260000228881836,29.860000610351562,30.1200008392334,30.1200008392334,998011,-0.00760709927983907
2017-03-03,30.010000228881836,30.100000381469727,29.81999969482422,29.940000534057617,29.940000534057617,890619,-0.005994033965609197
2017-03-06,29.5,29.610000610351562,28.40999984741211,28.65999984741211,28.65999984741211,1399557,-0.043692979753123626
2017-03-07,28.68000030517578,28.729999542236328,28.299999237060547,28.5,28.5,1159470,-0.00559832980134937
2017-03-08,28.579999923706055,28.725000381469727,28.34000015258789,28.600000381469727,28.600000381469727,860501,0.0035026438893043677
2017-03-09,28.579999923706055,28.610000610351562,28.139999389648438,28.3799991607666,28.3799991607666,785536,-0.007722089003309558
2017-03-10,28.280000686645508,28.649999618530273,28.190000534057617,28.420000076293945,28.420000076293945,934067,0.0014084831928709812
2017-03-13,28.399999618530273,28.81999969482422,28.334999084472656,28.809999465942383,28.809999465942383,987858,0.01362940520573557
2017-03-14,28.700000762939453,28.93000030517578,28.65999984741211,28.920000076293945,28.920000076293945,707353,0.003810869369460924
2017-03-15,28.959999084472656,29.200000762939453,28.860000610351562,29.110000610351562,29.110000610351562,907724,0.006548378795939852
2017-03-16,29.200000762939453,29.299999237060547,29.079999923706055,29.149999618530273,29.149999618530273,661144,0.001373120985454435
2017-03-17,29.18000030517578,29.31999969482422,28.770000457763672,29.260000228881836,29.260000228881836,1934401,0.0037665037042627107
2017-03-20,29.299999237060547,29.364999771118164,28.940000534057617,29.299999237060547,29.299999237060547,887814,0.0013660865698082167
2017-03-21,29.489999771118164,29.579999923706055,28.8799991607666,28.950000762939453,28.950000762939453,966887,-0.01201725961143381
2017-03-22,29.010000228881836,29.06999969482422,28.55500030517578,28.860000610351562,28.860000610351562,880719,-0.0031136558782709637
2017-03-23,28.799999237060547,29.34000015258789,28.459999084472656,29.299999237060547,29.299999237060547,834291,0.015130915489704702
2017-03-24,29.31999969482422,29.530000686645508,29.270000457763672,29.43000030517578,29.43000030517578,1174959,0.0044270826307968025
2017-03-27,29.059999465942383,29.170000076293945,28.704999923706055,29.059999465942383,29.059999465942383,972848,-0.012651932850549082
2017-03-28,28.959999084472656,29.549999237060547,28.68000030517578,29.5,29.5,1120421,0.01502762358139433
2017-03-29,29.360000610351562,29.6200008392334,29.270000457763672,29.600000381469727,29.600000381469727,737721,0.0033841108717312415
2017-03-30,29.450000762939453,29.93000030517578,29.350000381469727,29.799999237060547,29.799999237060547,1375912,0.006733993691857901
2017-03-31,29.829999923706055,29.829999923706055,29.15999984741211,29.290000915527344,29.290000915527344,1116733,-0.01726217581238666
2017-04-03,29.139999389648438,29.219999313354492,28.05500030517578,28.190000534057617,28.190000534057617,1245907,-0.03827886802602424
2017-04-04,28.100000381469727,28.219999313354492,27.799999237060547,27.950000762939453,27.950000762939453,1233516,-0.008550097173263138
2017-04-05,28.389999389648438,28.459999084472656,27.899999618530273,27.969999313354492,27.969999313354492,1445094,0.0007152557668220896
2017-04-06,28.0,28.100000381469727,27.8700008392334,28.030000686645508,28.030000686645508,1104990,0.002142907008992448
2017-04-07,28.030000686645508,28.270000457763672,27.850000381469727,28.06999969482422,28.06999969482422,660826,0.001425989828331938
2017-04-10,28.079999923706055,28.43000030517578,28.060100555419922,28.170000076293945,28.170000076293945,462322,0.0035562050947855277
2017-04-11,27.969999313354492,28.190000534057617,27.809999465942383,28.190000534057617,28.190000534057617,594713,0.0007097394743310519
2017-04-12,28.1200008392334,28.219999313354492,27.889999389648438,27.979999542236328,27.979999542236328,873210,-0.007477371194006046
2017-04-13,27.829999923706055,28.069900512695312,27.649999618530273,27.68000030517578,27.68000030517578,430417,-0.010779811102341077
2017-04-17,27.899999618530273,28.520000457763672,27.770000457763672,28.520000457763672,28.520000457763672,787726,0.029895469822109406
2017-04-18,28.299999237060547,28.68000030517578,28.274999618530273,28.489999771118164,28.489999771118164,1094954,-0.001052471120658251
2017-04-19,28.579999923706055,28.8700008392334,28.55500030517578,28.709999084472656,28.709999084472656,621629,0.007692321768119317
2017-04-20,28.889999389648438,29.06999969482422,28.780000686645508,28.920000076293945,28.920000076293945,550812,0.007287937684491547
2017-04-21,28.899999618530273,28.950000762939453,28.690000534057617,28.920000076293945,28.920000076293945,457328,0.0
2017-04-24,29.25,29.350000381469727,28.8799991607666,29.020000457763672,29.020000457763672,804586,0.0034518633014499708
2017-04-25,29.209999084472656,29.34000015258789,29.040000915527344,29.09000015258789,29.09000015258789,885721,0.0024092145223657884
2017-04-26,29.15999984741211,29.34000015258789,29.049999237060547,29.239999771118164,29.239999771118164,643317,0.005143149301398686
2017-04-27,29.34000015258789,29.55500030517578,29.100000381469727,29.190000534057617,29.190000534057617,515566,-0.0017114238919482413
2017-04-28,29.1200008392334,29.1200008392334,28.625,29.079999923706055,29.079999923706055,1264115,-0.003775553120202976
2017-05-01,29.260000228881836,29.31999969482422,29.020000457763672,29.15999984741211,29.15999984741211,916879,0.0027472518659459946
2017-05-02,29.209999084472656,29.31999969482422,28.94499969482422,29.280000686645508,29.280000686645508,624796,0.004106810636441731
2017-05-03,29.1299991607666,29.149999618530273,28.8700008392334,29.020000457763672,29.020000457763672,493298,-0.008919449314001076
2017-05-04,29.190000534057617,29.510000228881836,28.920000076293945,29.489999771118164,29.489999771118164,742818,0.01606595183573044
2017-05-05,29.610000610351562,29.719900131225586,29.469999313354492,29.6299991607666,29.6299991607666,358638,0.00473611819585274
2017-05-08,29.56999969482422,29.739999771118164,29.459999084472656,29.639999389648438,29.639999389648438,392221,0.0003374465740276403
2017-05-09,29.700000762939453,29.700000762939453,29.010000228881836,29.1200008392334,29.1200008392334,918648,-0.017699527687414847
2017-05-10,29.040000915527344,29.479999542236328,28.90999984741211,29.43000030517578,29.43000030517578,615926,0.01058932046661584
2017-05-11,29.31999969482422,29.31999969482422,28.889999389648438,29.31999969482422,29.31999969482422,447479,-0.0037447060049290086
2017-05-12,29.219999313354492,29.239999771118164,28.8700008392334,29.09000015258789,29.09000015258789,839134,-0.007875388857516822
2017-05-15,29.100000381469727,29.510000228881836,29.010000228881836,29.299999237060547,29.299999237060547,2130045,0.007193012231649278
2017-05-16,29.350000381469727,29.790000915527344,29.09000015258789,29.75,29.75,896620,0.01524164200750671
2017-05-17,29.3700008392334,29.479999542236328,28.739999771118164,28.790000915527344,28.790000915527344,688562,-0.03280099556736912
2017-05-18,28.610000610351562,28.899999618530273,28.239999771118164,28.670000076293945,28.670000076293945,875268,-0.004176853867883897
2017-05-19,28.84000015258789,29.200000762939453,28.610000610351562,28.75,28.75,666896,0.0027864846869736105
2017-05-22,28.739999771118164,29.079999923706055,28.739999771118164,29.040000915527344,29.040000915527344,807588,0.010036454239659104
2017-05-23,29.139999389648438,29.329999923706055,28.979999542236328,29.260000228881836,29.260000228881836,1449303,0.007547181931305466
2017-05-24,29.360000610351562,29.8700008392334,29.202999114990234,29.639999389648438,29.639999389648438,1892586,0.012903376421404005
2017-05-25,31.469999313354492,31.850000381469727,30.213699340820312,31.010000228881836,31.010000228881836,1778460,0.04518496065753378
2017-05-26,30.84000015258789,30.969999313354492,30.389999389648438,30.459999084472656,30.459999084472656,1005696,-0.017895423082954894
2017-05-30,30.280000686645508,30.450000762939453,30.110000610351562,30.219999313354492,30.219999313354492,802605,-0.007910383287272284
2017-05-31,30.34000015258789,30.450000762939453,29.96500015258789,30.15999984741211,30.15999984741211,1277980,-0.001987396042559307
2017-06-01,30.15999984741211,30.770000457763672,30.049999237060547,30.68000030517578,30.68000030517578,1383943,0.017094448365639586
2017-06-02,30.690000534057617,30.75,30.299999237060547,30.440000534057617,30.440000534057617,777594,-0.007853435908030006
2017-06-05,30.8700008392334,31.18000030517578,30.780000686645508,30.950000762939453,30.950000762939453,1314183,0.016615473243229487
2017-06-06,30.940000534057617,31.125,30.68000030517578,30.920000076293945,30.920000076293945,1863104,-0.0009697975946302707
2017-06-07,30.93000030517578,31.209999084472656,30.84000015258789,31.1299991607666,31.1299991607666,1061914,0.006768731307841205
2017-06-08,31.139999389648438,31.739999771118164,31.049999237060547,31.459999084472656,31.459999084472656,920222,0.010544911034291912
2017-06-09,31.459999084472656,31.81999969482422,31.200000762939453,31.450000762939453,31.450000762939453,901914,-0.0003178611235617568
2017-06-12,31.440000534057617,32.060001373291016,31.434999465942383,32.02000045776367,32.02000045776367,1206612,0.017961714459492763
2017-06-13,31.969999313354492,32.310001373291016,31.75,32.310001373291016,32.310001373291016,951547,0.009016100475248543
2017-06-14,32.310001373291016,32.5099983215332,32.15999984741211,32.470001220703125,32.470001220703125,1465705,0.004939801369556274
2017-06-15,32.11000061035156,32.54999923706055,32.02000045776367,32.400001525878906,32.400001525878906,1176591,-0.002158153816242326
2017-06-16,32.33000183105469,32.494998931884766,32.220001220703125,32.349998474121094,32.349998474121094,2203105,-0.001544496114219932
2017-06-19,32.5,32.779998779296875,32.29999923706055,32.470001220703125,32.470001220703125,1297327,0.0037026499304622157
2017-06-20,32.349998474121094,32.349998474121094,32.0,32.15999984741211,32.15999984741211,762805,-0.009593184143435608
2017-06-21,32.209999084472656,32.369998931884766,31.850000381469727,31.950000762939453,31.950000762939453,628890,-0.006551234863404584
2017-06-22,31.8799991607666,31.952999114990234,31.540000915527344,31.649999618530273,31.649999618530273,833568,-0.009434068165283454
2017-06-23,31.690000534057617,32.11000061035156,31.510000228881836,31.90999984741211,31.90999984741211,2056820,0.008181298970902473
2017-06-26,31.959999084472656,32.22999954223633,31.760000228881836,31.790000915527344,31.790000915527344,639825,-0.003767631786396314
2017-06-27,31.790000915527344,31.899999618530273,31.399999618530273,31.479999542236328,31.479999542236328,669923,-0.009799394714145634
2017-06-28,31.649999618530273,31.90999984741211,31.479999542236328,31.84000015258789,31.84000015258789,750814,0.01137095676072577
2017-06-29,31.899999618530273,32.029998779296875,31.399999618530273,31.700000762939453,31.700000762939453,1033366,-0.0044066608177902675
2017-06-30,31.700000762939453,31.940000534057617,31.700000762939453,31.75,31.75,1048143,0.0015760203879753526
2017-07-03,31.940000534057617,32.189998626708984,31.829999923706055,31.8700008392334,31.8700008392334,275435,0.003772429423565557
2017-07-05,31.93000030517578,32.11000061035156,31.690000534057617,31.93000030517578,31.93000030517578,1022027,0.001880861522074842
2017-07-06,31.799999237060547,31.81999969482422,31.329999923706055,31.34000015258789,31.34000015258789,626702,-0.018650774487675964
2017-07-07,31.459999084472656,31.969999313354492,31.440000534057617,31.959999084472656,31.959999084472656,774910,0.019589850455371243
2017-07-10,31.959999084472656,32.16999816894531,31.760000228881836,31.860000610351562,31.860000610351562,1466427,-0.0031337686128347165
2017-07-11,31.8799991607666,32.2400016784668,31.812299728393555,32.18000030517578,32.18000030517578,897206,0.009993827408434436
2017-07-12,32.34000015258789,32.90999984741211,32.34000015258789,32.81999969482422,32.81999969482422,1143183,0.01969292531583877
2017-07-13,32.81999969482422,32.92150115966797,32.72999954223633,32.79999923706055,32.79999923706055,554394,-0.0006095842337262983
2017-07-14,32.83000183105469,32.90999984741211,32.6713981628418,32.81999969482422,32.81999969482422,337101,0.0006095842337263057
2017-07-17,32.779998779296875,32.939998626708984,32.52000045776367,32.88999938964844,32.88999938964844,708694,0.002130565280130778
2017-07-18,32.86000061035156,32.9900016784668,32.7400016784668,32.869998931884766,32.869998931884766,715014,-0.0006082864626176298
2017-07-19,32.900001525878906,33.18000030517578,32.880001068115234,33.13999938964844,33.13999938964844,602364,0.008180638400061105
2017-07-20,33.2599983215332,33.61000061035156,33.119998931884766,33.58000183105469,33.58000183105469,804374,0.013189712596476673
2017-07-21,33.56999969482422,33.66999816894531,33.470001220703125,33.65999984741211,33.65999984741211,825818,0.0023794780519228666
2017-07-24,33.599998474121094,33.66999816894531,33.41999816894531,33.47999954223633,33.47999954223633,557382,-0.005361952280924313
2017-07-25,33.63999938964844,33.65999984741211,33.41999816894531,33.439998626708984,33.439998626708984,532019,-0.0011954847993394977
2017-07-26,33.45000076293945,33.470001220703125,33.099998474121094,33.189998626708984,33.189998626708984,419518,-0.00750416279395264
2017-07-27,33.25,33.25,32.56999969482422,32.83000183105469,32.83000183105469,574797,-0.010905797067907237
2017-07-28,32.7599983215332,32.79999923706055,32.58000183105469,32.689998626708984,32.689998626708984,538270,-0.00427360856072087
2017-07-31,32.84000015258789,32.939998626708984,32.38999938964844,32.61000061035156,32.61000061035156,463583,-0.0024501702086774262
2017-08-01,32.779998779296875,33.0099983215332,32.459999084472656,32.93000030517578,32.93000030517578,529976,0.009765097137755153
2017-08-02,32.88999938964844,32.93000030517578,32.220001220703125,32.38999938964844,32.38999938964844,574284,-0.016534391316271397
2017-08-03,32.38999938964844,32.81999969482422,32.29999923706055,32.72999954223633,32.72999954223633,574934,0.010442360187620589
2017-08-04,33.0,33.040000915527344,32.505001068115234,32.560001373291016,32.560001373291016,476208,-0.0052074912154500335
2017-08-07,32.5,32.7599983215332,32.18000030517578,32.31999969482422,32.31999969482422,679710,-0.007398359101006512
2017-08-08,32.279998779296875,32.84000015258789,32.130001068115234,32.2599983215332,32.2599983215332,746081,-0.001858203542862126
2017-08-09,32.13999938964844,32.45000076293945,31.8700008392334,32.189998626708984,32.189998626708984,1480096,-0.00217221801903502
2017-08-10,32.720001220703125,33.0,31.940000534057617,32.349998474121094,32.349998474121094,1793372,0.004958171130413231
2017-08-11,32.130001068115234,32.59000015258789,31.790000915527344,32.22999954223633,32.22999954223633,1049234,-0.003716292154774748
2017-08-14,32.599998474121094,32.91999816894531,32.47999954223633,32.7599983215332,32.7599983215332,732972,0.01631052612530127
2017-08-15,32.7400016784668,32.79999923706055,32.31999969482422,32.31999969482422,32.31999969482422,674173,-0.01352198353904253
2017-08-16,32.380001068115234,32.4900016784668,32.09000015258789,32.13999938964844,32.13999938964844,829364,-0.005584882891611609
2017-08-17,32.119998931884766,32.470001220703125,31.84000015258789,31.850000381469727,31.850000381469727,702948,-0.009063947323719223
2017-08-18,31.90999984741211,31.920000076293945,31.59000015258789,31.600000381469727,31.600000381469727,860002,-0.007880261330550637
2017-08-21,31.510000228881836,31.809999465942383,31.489999771118164,31.790000915527344,31.790000915527344,520080,0.0059946710572421355
2017-08-22,31.850000381469727,31.850000381469727,31.469999313354492,31.709999084472656,31.709999084472656,901619,-0.002519744043560716
2017-08-23,31.65999984741211,31.65999984741211,31.30500030517578,31.329999923706055,31.329999923706055,533881,-0.012055957149446522
2017-08-24,31.399999618530273,31.43000030517578,31.100000381469727,31.15999984741211,31.15999984741211,803420,-0.005440886423296237
2017-08-25,31.18000030517578,31.405000686645508,31.149999618530273,31.34000015258789,31.34000015258789,867362,0.005760025691033347
2017-08-28,31.510000228881836,31.540000915527344,31.06999969482422,31.219999313354492,31.219999313354492,512008,-0.0038363487031496213
2017-08-29,31.040000915527344,31.5,31.040000915527344,31.260000228881836,31.260000228881836,586883,0.0012804392216908518
2017-08-30,31.260000228881836,31.40999984741211,31.190000534057617,31.309999465942383,31.309999465942383,775520,0.0015981859660138585
2017-08-31,31.3700008392334,31.59000015258789,31.290000915527344,31.510000228881836,31.510000228881836,922823,0.006367444751747285
2017-09-01,31.600000381469727,32.150001525878906,31.600000381469727,31.920000076293945,31.920000076293945,1555360,0.012927811938801973
2017-09-05,31.8799991607666,32.31999969482422,31.389999389648438,31.559999465942383,31.559999465942383,847324,-0.01134229591607354
2017-09-06,32.15999984741211,32.9900016784668,32.099998474121094,32.66999816894531,32.66999816894531,1753886,0.03456669051030614
2017-09-07,32.689998626708984,32.76100158691406,32.41999816894531,32.5099983215332,32.5099983215332,897892,-0.004909486879435457
2017-09-08,32.470001220703125,32.5,32.06999969482422,32.189998626708984,32.189998626708984,1423999,-0.009891880037888802
2017-09-11,32.40999984741211,32.86000061035156,32.3650016784668,32.61000061035156,32.61000061035156,1692437,0.01296320586924926
2017-09-12,32.63999938964844,32.72209930419922,32.34000015258789,32.560001373291016,32.560001373291016,1193782,-0.001534425206345705
2017-09-13,32.52000045776367,32.599998474121094,32.15999984741211,32.31999969482422,32.31999969482422,1380872,-0.007398359101006512
2017-09-14,32.150001525878906,32.150001525878906,31.56999969482422,31.610000610351562,31.610000610351562,1709923,-0.022212678674235934
2017-09-15,32.11000061035156,32.40999984741211,31.709999084472656,31.979999542236328,31.979999542236328,5481285,0.011637147555408438
2017-09-18,31.920000076293945,32.130001068115234,31.575000762939453,31.6299991607666,31.6299991607666,2636184,-0.011004682307019448
2017-09-19,31.719999313354492,31.889999389648438,31.5,31.75,31.75,1243478,0.003786714553973066
2017-09-20,31.780000686645508,32.08000183105469,31.65399932861328,31.989999771118164,31.989999771118164,1160218,0.007530621467932759
2017-09-21,31.899999618530273,32.32500076293945,31.899999618530273,32.09000015258789,32.09000015258789,981913,0.0031211130701301972
2017-09-22,32.09000015258789,32.31999969482422,31.93000030517578,32.060001373291016,32.060001373291016,960292,-0.0009352698603291431
2017-09-25,32.02000045776367,32.040000915527344,31.459999084472656,31.809999465942383,31.809999465942383,768014,-0.00782850104436709
2017-09-26,31.989999771118164,32.060001373291016,31.829999923706055,31.940000534057617,31.940000534057617,775728,0.004078470535450426
2017-09-27,32.04999923706055,32.290000915527344,31.979999542236328,32.11000061035156,32.11000061035156,1113667,0.005308367602050166
2017-09-28,31.829999923706055,32.099998474121094,31.440000534057617,32.040000915527344,32.040000915527344,1235211,-0.002182376334898844
2017-09-29,31.979999542236328,32.310001373291016,31.81999969482422,32.27000045776367,32.27000045776367,1011296,0.007152869474626095
2017-10-02,32.31999969482422,32.77000045776367,32.290000915527344,32.68000030517578,32.68000030517578,701150,0.012625259080810816
2017-10-03,31.799999237060547,32.15999984741211,31.760000228881836,31.969999313354492,31.969999313354492,1074327,-0.02196533773616402
2017-10-04,31.969999313354492,32.11000061035156,31.729999542236328,31.979999542236328,31.979999542236328,860790,0.00031275149780467194
2017-10-05,31.829999923706055,31.89900016784668,31.440000534057617,31.6200008392334,31.6200008392334,992216,-0.011320834769200728
2017-10-06,31.56999969482422,31.56999969482422,31.100000381469727,31.350000381469727,31.350000381469727,1868491,-0.008575579075523358
2017-10-09,31.270000457763672,31.709999084472656,31.040000915527344,31.670000076293945,31.670000076293945,1217796,0.010155583712554305
2017-10-10,31.75,31.8799991607666,31.520000457763672,31.860000610351562,31.860000610351562,721352,0.005981460679624419
2017-10-11,31.850000381469727,31.850000381469727,30.920000076293945,31.030000686645508,31.030000686645508,1033808,-0.026396823050472723
2017-10-12,30.940000534057617,31.40999984741211,30.790000915527344,31.3799991607666,31.3799991607666,1004493,0.01121621997194422
2017-10-13,31.469999313354492,31.489999771118164,31.059999465942383,31.3799991607666,31.3799991607666,559134,0.0
2017-10-16,31.399999618530273,31.40999984741211,31.209999084472656,31.239999771118164,31.239999771118164,489560,-0.004471402915751437
2017-10-17,31.170000076293945,31.31999969482422,31.040000915527344,31.110000610351562,31.110000610351562,648261,-0.00416998711623272
2017-10-18,31.239999771118164,31.350000381469727,31.18000030517578,31.18000030517578,31.18000030517578,796557,0.0022475428884902223
2017-10-19,31.09000015258789,31.299999237060547,31.0,31.25,31.25,436778,0.002242502765230907
2017-10-20,31.360000610351562,31.760000228881836,31.309999465942383,31.729999542236328,31.729999542236328,1088109,0.015243214985852339
2017-10-23,31.799999237060547,31.799999237060547,31.559999465942383,31.59000015258789,31.59000015258789,723929,-0.004421971524009816
2017-10-24,31.579999923706055,31.739999771118164,31.5,31.540000915527344,31.540000915527344,524929,-0.0015840090818614217
2017-10-25,32.0,32.15999984741211,31.729999542236328,31.850000381469727,31.850000381469727,1231459,0.009780783432852068
2017-10-26,31.90999984741211,32.18000030517578,31.84000015258789,31.84000015258789,31.84000015258789,1345100,-0.0003140282267282404
2017-10-27,31.829999923706055,31.829999923706055,31.479999542236328,31.559999465942383,31.559999465942383,560428,-0.008832886712819833
2017-10-30,31.5,32.119998931884766,31.469999313354492,31.850000381469727,31.850000381469727,685201,0.009146914939548036
2017-10-31,31.899999618530273,32.20000076293945,31.8700008392334,31.989999771118164,31.989999771118164,938340,0.004385952811389592
2017-11-01,32.099998474121094,32.34000015258789,31.979999542236328,32.02000045776367,32.02000045776367,747207,0.000937375058114778
2017-11-02,32.060001373291016,32.15999984741211,31.549999237060547,31.8700008392334,31.8700008392334,681082,-0.004695567102481829
2017-11-03,31.75,31.834999084472656,31.290000915527344,31.34000015258789,31.34000015258789,790957,-0.016769912965601114
2017-11-06,31.389999389648438,31.989999771118164,31.260000228881836,31.75,31.75,1274355,0.012997483542035492
2017-11-07,31.799999237060547,31.989999771118164,31.559999465942383,31.729999542236328,31.729999542236328,1450303,-0.000630134170437763
2017-11-08,31.299999237060547,31.6200008392334,29.020000457763672,29.559999465942383,29.559999465942383,4131943,-0.07084051315516378
2017-11-09,29.3700008392334,29.75,28.84000015258789,29.030000686645508,29.030000686645508,1632133,-0.01809227632359805
2017-11-10,28.899999618530273,29.075000762939453,28.719999313354492,28.81999969482422,28.81999969482422,1226193,-0.007260221707152748
2017-11-13,28.760000228881836,28.799999237060547,28.34000015258789,28.540000915527344,28.540000915527344,1230896,-0.009762935854914697
2017-11-14,28.34000015258789,28.549999237060547,27.96500015258789,28.030000686645508,28.030000686645508,1039561,-0.018031254453929585
2017-11-15,27.899999618530273,27.899999618530273,27.3799991607666,27.540000915527344,27.540000915527344,1495864,-0.01763586312944651
2017-11-16,27.670000076293945,28.040000915527344,27.670000076293945,27.950000762939453,27.950000762939453,765820,0.014777700353631842
2017-11-17,27.809999465942383,27.8700008392334,27.549999237060547,27.6200008392334,27.6200008392334,772640,-0.011877048531554576
2017-11-20,27.549999237060547,27.700000762939453,27.459999084472656,27.530000686645508,27.530000686645508,547909,-0.0032638342699006046
2017-11-21,27.93000030517578,28.65999984741211,27.881000518798828,28.65999984741211,28.65999984741211,1586245,0.04022607297972024
2017-11-22,28.56999969482422,28.90999984741211,28.510000228881836,28.540000915527344,28.540000915527344,975835,-0.004195772948520774
2017-11-24,28.6200008392334,28.6200008392334,28.170000076293945,28.280000686645508,28.280000686645508,227724,-0.009151778818810467
2017-11-27,28.360000610351562,28.510000228881836,28.209999084472656,28.420000076293945,28.420000076293945,1346533,0.004938260044847573
2017-11-28,28.399999618530273,28.6299991607666,28.100000381469727,28.6200008392334,28.6200008392334,1755607,0.0070126780981530695
2017-11-29,28.6299991607666,28.68000030517578,28.31999969482422,28.510000228881836,28.510000228881836,1462671,-0.0038508924989183804
2017-11-30,28.639999389648438,29.209999084472656,28.459999084472656,28.93000030517578,28.93000030517578,2207872,0.014624218584103673
2017-12-01,28.920000076293945,29.020000457763672,28.200000762939453,28.690000534057617,28.690000534057617,1219410,-0.008330480928770445
2017-12-04,28.8700008392334,29.559999465942383,28.8700008392334,29.239999771118164,29.239999771118164,1591311,0.018988978445843043
2017-12-05,29.200000762939453,29.270000457763672,28.8799991607666,28.979999542236328,28.979999542236328,1106048,-0.008931705957193234
2017-12-06,28.90999984741211,29.18000030517578,28.81999969482422,28.940000534057617,28.940000534057617,992422,-0.0013811814393901274
2017-12-07,28.8700008392334,29.440000534057617,28.8700008392334,29.34000015258789,29.34000015258789,1134250,0.013727038258215432
2017-12-08,29.479999542236328,29.540000915527344,29.020000457763672,29.239999771118164,29.239999771118164,577842,-0.003414150861632034
2017-12-11,29.270000457763672,29.489999771118164,29.18000030517578,29.3700008392334,29.3700008392334,839780,0.004436146731158013
2017-12-12,29.360000610351562,29.450000762939453,29.100000381469727,29.170000076293945,29.170000076293945,794761,-0.0068329872899161054
2017-12-13,29.25,30.139999389648438,29.209999084472656,29.8799991607666,29.8799991607666,1689834,0.024048545682698725
2017-12-14,30.0,30.030000686645508,29.594999313354492,29.700000762939453,29.700000762939453,945201,-0.006042260680971707
2017-12-15,29.950000762939453,30.309999465942383,29.84980010986328,30.1299991607666,30.1299991607666,2494208,0.014374253791611695
2017-12-18,30.260000228881836,30.690000534057617,30.06999969482422,30.65999984741211,30.65999984741211,1320318,0.017437543178431533
2017-12-19,30.59000015258789,30.6200008392334,30.100000381469727,30.389999389648438,30.389999389648438,933264,-0.008845281622153105
2017-12-20,30.450000762939453,30.575000762939453,30.360000610351562,30.420000076293945,30.420000076293945,1106605,0.0009867024944250223
2017-12-21,30.510000228881836,30.579999923706055,30.110000610351562,30.280000686645508,30.280000686645508,793722,-0.004612838093382334
2017-12-22,30.31999969482422,30.399999618530273,30.072500228881836,30.229999542236328,30.229999542236328,483308,-0.0016526575971121474
2017-12-26,30.15999984741211,30.40999984741211,30.040000915527344,30.280000686645508,30.280000686645508,810726,0.0016526575971121623
2017-12-27,30.309999465942383,30.610000610351562,30.309999465942383,30.489999771118164,30.489999771118164,902391,0.0069113022475959605
2017-12-28,30.489999771118164,30.510000228881836,29.940000534057617,30.049999237060547,30.049999237060547,660348,-0.014536117901163456
2017-12-29,30.149999618530273,30.229999542236328,29.799999237060547,29.920000076293945,29.920000076293945,823511,-0.004335479936008322
2018-01-02,30.010000228881836,30.469999313354492,29.93000030517578,30.440000534057617,30.440000534057617,644624,0.01723039488187696
2018-01-03,30.559999465942383,30.649999618530273,30.06999969482422,30.469999313354492,30.469999313354492,771594,0.000985019924399487
2018-01-04,30.670000076293945,30.969999313354492,30.6200008392334,30.809999465942383,30.809999465942383,1088872,0.011096724812186924
2018-01-05,30.93000030517578,31.190000534057617,30.799999237060547,31.06999969482422,31.06999969482422,796024,0.00840341830808377
2018-01-08,31.010000228881836,31.309999465942383,30.899999618530273,31.079999923706055,31.079999923706055,1654674,0.00032180946193141233
2018-01-09,31.190000534057617,31.190000534057617,30.739999771118164,30.770000457763672,30.770000457763672,745441,-0.010024318833788813
2018-01-10,30.780000686645508,31.6299991607666,30.690000534057617,31.6200008392334,31.6200008392334,936346,0.027249654111648453
2018-01-11,31.639999389648438,32.14500045776367,31.540000915527344,32.11000061035156,32.11000061035156,1050301,0.015377668787021915
2018-01-12,32.15999984741211,32.2599983215332,31.889999389648438,32.08000183105469,32.08000183105469,976519,-0.0009346870334915717
2018-01-16,32.290000915527344,32.33000183105469,31.809999465942383,31.940000534057617,31.940000534057617,985534,-0.004373680568558697
2018-01-17,32.11000061035156,32.11000061035156,31.719999313354492,31.940000534057617,31.940000534057617,552014,0.0
2018-01-18,31.979999542236328,32.02000045776367,31.559999465942383,31.65999984741211,31.65999984741211,907858,-0.008805109874231562
2018-01-19,31.700000762939453,32.20000076293945,31.56999969482422,32.15999984741211,32.15999984741211,790279,0.01566938993283074
2018-01-22,32.13999938964844,32.220001220703125,31.90999984741211,32.20000076293945,32.20000076293945,625226,0.0012430366780169955
2018-01-23,32.369998931884766,32.58000183105469,32.20000076293945,32.56999969482422,32.56999969482422,557709,0.011425133674165144
2018-01-24,32.54999923706055,32.86000061035156,32.5099983215332,32.599998474121094,32.599998474121094,652259,0.0009206316482601696
2018-01-25,32.70000076293945,32.959999084472656,32.52000045776367,32.81999969482422,32.81999969482422,499837,0.006725834796915442
2018-01-26,32.86000061035156,33.06999969482422,32.599998474121094,33.06999969482422,33.06999969482422,984042,0.007588441402050456
2018-01-29,32.970001220703125,33.40999984741211,32.970001220703125,33.2599983215332,33.2599983215332,727598,0.005728905534228118
2018-01-30,33.119998931884766,33.22999954223633,32.709999084472656,32.86000061035156,32.86000061035156,503061,-0.012099292116329551
2018-01-31,32.97999954223633,33.38999938964844,32.94499969482422,33.279998779296875,33.279998779296875,1058062,0.012700448089801862
2018-02-01,33.16999816894531,33.790000915527344,33.04499816894531,33.689998626708984,33.689998626708984,1049322,0.012244437382664041
2018-02-02,33.439998626708984,33.439998626708984,32.34000015258789,32.349998474121094,32.349998474121094,799693,-0.04058704287679911
2018-02-05,31.989999771118164,32.2400016784668,30.895000457763672,30.959999084472656,30.959999084472656,1101599,-0.04391795462886139
2018-02-06,30.299999237060547,30.790000915527344,29.8799991607666,30.549999237060547,30.549999237060547,1500151,-0.01333135850609343
2018-02-07,30.3700008392334,31.559999465942383,30.350000381469727,31.350000381469727,31.350000381469727,1626253,0.025849618602887075
2018-02-08,32.0,32.880001068115234,30.84000015258789,30.850000381469727,30.850000381469727,2478485,-0.016077516530319108
2018-02-09,31.260000228881836,31.270000457763672,29.809999465942383,30.81999969482422,30.81999969482422,1734032,-0.000972942726609113
2018-02-12,40.560001373291016,40.58000183105469,40.3849983215332,40.38999938964844,40.38999938964844,43756486,0.27041839447377414
2018-02-13,40.400001525878906,40.650001525878906,40.400001525878906,40.58000183105469,40.58000183105469,16234448,0.004693165055895553
2018-02-14,40.4900016784668,40.61000061035156,40.4900016784668,40.5099983215332,40.5099983215332,5445771,-0.0017265637385603023
2018-02-15,40.52000045776367,40.56999969482422,40.459999084472656,40.52000045776367,40.52000045776367,5506978,0.0002468748965061465
2018-02-16,40.47999954223633,40.599998474121094,40.47999954223633,40.560001373291016,40.560001373291016,6293278,0.000986702463476577
2018-02-20,40.58000183105469,40.709999084472656,40.5,40.58000183105469,40.58000183105469,4245876,0.000492986378577438
2018-02-21,40.56999969482422,40.84000015258789,40.529998779296875,40.540000915527344,40.540000915527344,3200711,-0.0009862159126018063
2018-02-22,40.630001068115234,40.66999816894531,40.47999954223633,40.52000045776367,40.52000045776367,5060422,-0.0004934729294522562
2018-02-23,40.54999923706055,40.599998474121094,40.51499938964844,40.540000915527344,40.540000915527344,3090448,0.0004934729294522807
2018-02-26,40.560001373291016,40.650001525878906,40.52000045776367,40.58000183105469,40.58000183105469,2472706,0.000986215912601831
2018-02-27,40.619998931884766,40.66999816894531,40.5099983215332,40.529998779296875,40.529998779296875,3093191,-0.0012329689980555992
2018-02-28,40.54999923706055,40.59000015258789,40.52000045776367,40.529998779296875,40.529998779296875,4113464,0.0
2018-03-01,40.540000915527344,40.58000183105469,40.5099983215332,40.5099983215332,40.5099983215332,6127611,-0.0004935947405046217
2018-03-02,40.5,40.56999969482422,40.5,40.529998779296875,40.529998779296875,7019152,0.0004935947405047109
2018-03-05,40.540000915527344,40.70000076293945,40.529998779296875,40.70000076293945,40.70000076293945,4592253,0.004185700672281434
2018-03-06,40.650001525878906,40.7599983215332,40.58000183105469,40.61000061035156,40.61000061035156,4511556,-0.0022137544661960298
2018-03-07,40.61000061035156,40.72999954223633,40.599998474121094,40.650001525878906,40.650001525878906,3164946,0.0009845168030212783
2018-03-08,40.65999984741211,40.689998626708984,40.560001373291016,40.630001068115234,40.630001068115234,2343894,-0.0004921372423485878
2018-03-09,40.61000061035156,40.63999938964844,40.560001373291016,40.56999969482422,40.56999969482422,2788086,-0.0014778665923140873
2018-03-12,40.599998474121094,40.650001525878906,40.56999969482422,40.599998474121094,40.599998474121094,3789004,0.0007391593283092518
2018-03-13,40.599998474121094,40.650001525878906,40.56999969482422,40.58000183105469,40.58000183105469,3517820,-0.0004926495046975636
2018-03-14,40.66999816894531,40.720001220703125,40.65999984741211,40.66999816894531,40.66999816894531,3322755,0.0022152953771230684
2018-03-15,40.68000030517578,40.70000076293945,40.66999816894531,40.66999816894531,40.66999816894531,1654977,0.0
2018-03-16,40.66999816894531,40.70000076293945,40.650001525878906,40.650001525878906,40.650001525878906,3990240,-0.0004918013660722495
2018-03-19,41.31999969482422,41.459999084472656,40.91999816894531,41.02000045776367,41.02000045776367,9322534,0.00906089027294314
2018-03-20,41.400001525878906,41.47999954223633,41.310001373291016,41.47999954223633,41.47999954223633,7681768,0.011151608521799649
2018-03-21,41.459999084472656,41.56999969482422,41.459999084472656,41.56999969482422,41.56999969482422,2577812,0.002167373597737342
2018-03-22,41.47999954223633,41.560001373291016,41.41999816894531,41.439998626708984,41.439998626708984,7075681,-0.0031321811113305363
2018-03-23,41.5,41.599998474121094,41.400001525878906,41.439998626708984,41.439998626708984,6467017,0.0
2018-03-26,41.54999923706055,41.560001373291016,41.36000061035156,41.400001525878906,41.400001525878906,2457797,-0.0009656471237186351
2018-03-27,41.400001525878906,41.459999084472656,41.31999969482422,41.33000183105469,41.33000183105469,4983863,-0.00169224486132344
2018-03-28,41.22999954223633,41.2400016784668,41.209999084472656,41.22999954223633,41.22999954223633,11444484,-0.0024225372107987636
2018-03-29,41.220001220703125,41.22999954223633,41.209999084472656,41.22999954223633,41.22999954223633,4004612,0.0
2018-04-02,41.220001220703125,41.2400016784668,41.220001220703125,41.220001220703125,41.220001220703125,7111134,-0.000242530539471078
2018-04-03,41.2599983215332,41.2599983215332,41.22999954223633,41.22999954223633,41.22999954223633,17803828,0.00024253053947101186
